{
  "version": 2,
  "name": "rahul-yadav-portfolio",
  "builds": [
    {
      "src": "index.html",
      "use": "@vercel/static"
    }
  ],
  "routes": [
    {
      "src": "/(.*)",
      "dest": "/index.html"
    }
  ],
  "headers": [
    {
      "source": "/(.*)",
      "headers": [
        {
          "key": "X-Content-Type-Options",
          "value": "nosniff"
        },
        {
          "key": "X-Frame-Options",
          "value": "DENY"
        },
        {
          "key": "X-XSS-Protection",
          "value": "1; mode=block"
        },
        {
          "key": "Referrer-Policy",
          "value": "strict-origin-when-cross-origin"
        }
      ]
    },
    {
      "source": "/styles.css",
      "headers": [
        {
          "key": "Cache-Control",
          "value": "public, max-age=31536000"
        }
      ]
    },
    {
      "source": "/script.js",
      "headers": [
        {
          "key": "Cache-Control",
          "value": "public, max-age=31536000"
        }
      ]
    }
  ]
}